CREATE TABLE MANUFACTURER(
	MANUFACTURER_CODE VARCHAR(10),
  	MANUFACTURER_NAME VARCHAR(10),
  	NATIONALITY VARCHAR(10),
  	CONSTRAINT PK_MANUFACTURER PRIMARY KEY (MANUFACTURER_CODE)
)
CREATE TABLE SUPPLIER(
	SUPPLIER_CODE VARCHAR(10),
  	SUPPLIER_NAME VARCHAR(10),
  	SUPPLIER_ADDRESS VARCHAR(10),
  	CONSTRAINT PK_SUPPLIER PRIMARY KEY (SUPPLIER_CODE)
)
CREATE TABLE COUNTER(
	COUNTER_NUMBER INT,
  	COUNTER_NAME VARCHAR(10),
  	COUNTER_LOCATION VARCHAR(10),
  	CONSTRAINT PK_COUNTER PRIMARY KEY (COUNTER_NUMBER)
)
CREATE TABLE CUSTOMER(
	CUSTOMER_CODE VARCHAR(10),
  	CUSTOMER_NAME VARCHAR(10),
  	CUSTOMER_ADDRESS VARCHAR(10),
  	CONSTRAINT PK_CUSTOMER PRIMARY KEY (CUSTOMER_CODE)
)

CREATE TABLE RECEIPT(
	RECEIPT_CODE VARCHAR(10),
  	RECEIPT_PROD_QUANTITY INT,
  	PRICE FLOAT,
  	IMPORTED_DATE DATE,
  	SUPPLIER_CODE VARCHAR(10),
  	CONSTRAINT PK_RECEIPT PRIMARY KEY (RECEIPT_CODE),
  	CONSTRAINT FK_RECEIPT_SUPPLIER_SUPPLIER_CODE FOREIGN KEY (SUPPLIER_CODE) REFERENCES SUPPLIER(SUPPLIER_CODE)
)
CREATE TABLE INVOICE(
	INVOICE_CODE VARCHAR(10),
  	INVOICE_PROD_QUANTITY INT,
  	PRICE FLOAT,
  	CUSTOMER_CODE VARCHAR(10),
  	CONSTRAINT PK_INVOICE PRIMARY KEY (INVOICE_CODE),
  	CONSTRAINT FK_INVOICE_CUSTOMER_CUSTOMER_CODE FOREIGN KEY (CUSTOMER_CODE) REFERENCES CUSTOMER(CUSTOMER_CODE)
)

CREATE TABLE PRODUCT(
	PRODUCT_CODE VARCHAR(10),
  	PRODUCT_NAME VARCHAR(20),
  	PRODUCT_UNIT INT,
  	PRODUCT_QUANTITY INT,
  	PRODUCT_PRICE FLOAT,
  	COUNTER_NUMBER INT,
  	MANUFACTURER_CODE VARCHAR(10),
  	SUPPLIER_CODE VARCHAR(10),
  	CONSTRAINT PK_PRODUCT PRIMARY KEY (PRODUCT_CODE),
  	CONSTRAINT FK_PRODUCT_COUNTER_COUNTER_NUMBER FOREIGN KEY (COUNTER_NUMBER) REFERENCES COUNTER (COUNTER_NUMBER),
	CONSTRAINT FK_PRODUCT_MANUFACTURER_MANUFACTURER_CODE FOREIGN KEY (MANUFACTURER_CODE) REFERENCES MANUFACTURER (MANUFACTURER_CODE),
	CONSTRAINT FK_PRODUCT_SUPPLIER_SUPPLIER_CODE FOREIGN KEY (SUPPLIER_CODE) REFERENCES SUPPLIER (SUPPLIER_CODE)
)
CREATE TABLE IMPORTED(
	RECEIPT_CODE VARCHAR(10),	
  	PRODUCT_CODE VARCHAR(10),
  	CONSTRAINT PK_IMPORTED PRIMARY KEY (RECEIPT_CODE, PRODUCT_CODE),
  	CONSTRAINT FK_IMPORTED_RECEIPT_RECEIPT_CODE FOREIGN KEY (RECEIPT_CODE) REFERENCES RECEIPT (RECEIPT_CODE),
  	CONSTRAINT FK_IMPORTED_PRODUCT_PRODUCT_CODE FOREIGN KEY (PRODUCT_CODE) REFERENCES PRODUCT (PRODUCT_CODE)
)
CREATE TABLE PURCHASED(
	INVOICE_CODE VARCHAR(10),	
  	PRODUCT_CODE VARCHAR(10),
  	CONSTRAINT PK_PURCHASED PRIMARY KEY (INVOICE_CODE, PRODUCT_CODE),
  	CONSTRAINT FK_PURCHASED_INVOICE_INVOICE_CODE FOREIGN KEY (INVOICE_CODE) REFERENCES INVOICE (INVOICE_CODE),
  	CONSTRAINT FK_PURCHASED_PRODUCT_PRODUCT_CODE FOREIGN KEY (PRODUCT_CODE) REFERENCES PRODUCT (PRODUCT_CODE)
)


INSERT INTO MANUFACTURER VALUES ('SAM', 'SAMSUNG', 'KOREA')
INSERT INTO MANUFACTURER VALUES ('APP', 'APPLE', 'USA')
INSERT INTO MANUFACTURER VALUES ('VAL', 'VALVE INC', 'USA')
INSERT INTO MANUFACTURER VALUES ('XI', 'XIAO', 'CHINA')
INSERT INTO MANUFACTURER VALUES ('TENC', 'TENCENT', 'CHINA')
INSERT INTO MANUFACTURER VALUES ('BENT', 'BENTLY', 'UK')
INSERT INTO MANUFACTURER VALUES ('TWT', 'TWITTER', 'USA')
INSERT INTO MANUFACTURER VALUES ('SN', 'SONY INC', 'JAPAN')
INSERT INTO MANUFACTURER VALUES ('GOG', 'GOOGLE', 'USA')
INSERT INTO MANUFACTURER VALUES ('FB', 'FACEBOOK', 'USA')
SELECT COUNT(*) FROM MANUFACTURER
INSERT INTO SUPPLIER VALUES ('DMX', 'DIENMAYXAN', 'HCM')
INSERT INTO SUPPLIER VALUES ('TGDD', 'PHONEWORLD', 'HCM')
INSERT INTO SUPPLIER VALUES ('COOP', 'COOP MART', 'HCM')
INSERT INTO SUPPLIER VALUES ('SCHA', 'CELLPHONES', 'HCM')
INSERT INTO SUPPLIER VALUES ('BL', 'BACHLONG', 'HN')
INSERT INTO SUPPLIER VALUES ('NSH', 'NSHOP', 'HCM')
INSERT INTO SUPPLIER VALUES ('MMG', 'MIMIGAME', 'HCM')
INSERT INTO SUPPLIER VALUES ('BB', 'BESTBUY', 'USA')
INSERT INTO SUPPLIER VALUES ('MMZ', 'MEMORYZONE', 'HCM')
INSERT INTO SUPPLIER VALUES ('GEAR', 'GEARVN', 'HCM')
SELECT COUNT(*) FROM SUPPLIER
SELECT * FROM SUPPLIER
INSERT INTO COUNTER VALUES (1, 'COUNTER #1', 'FLOOR 10')
INSERT INTO COUNTER VALUES (2, 'COUNTER #2', 'FLOOR 9')
INSERT INTO COUNTER VALUES (3, 'COUNTER #3', 'FLOOR 8')
INSERT INTO COUNTER VALUES (4, 'COUNTER #4', 'FLOOR 7')
INSERT INTO COUNTER VALUES (5, 'COUNTER #5', 'FLOOR 6')
INSERT INTO COUNTER VALUES (6, 'COUNTER #6', 'FLOOR 5')
INSERT INTO COUNTER VALUES (7, 'COUNTER #7', 'FLOOR 4')
INSERT INTO COUNTER VALUES (8, 'COUNTER #8', 'FLOOR 3')
INSERT INTO COUNTER VALUES (9, 'COUNTER #9', 'FLOOR 2')
INSERT INTO COUNTER VALUES (10, 'COUNTER#10', 'FLOOR 1')
SELECT * FROM COUNTER
INSERT INTO CUSTOMER VALUES ('C001', 'NGUYEN A', 'HCM')
INSERT INTO CUSTOMER VALUES ('C002', 'NGUYEN B', 'HN')
INSERT INTO CUSTOMER VALUES ('C003', 'NGUYEN C', 'HCM')
INSERT INTO CUSTOMER VALUES ('C004', 'NGUYEN D', 'HUE')
INSERT INTO CUSTOMER VALUES ('C005', 'NGUYEN E', 'HCM')
INSERT INTO CUSTOMER VALUES ('C006', 'NGUYEN F', 'HCM')
INSERT INTO CUSTOMER VALUES ('C007', 'NGUYEN G', 'DA NANG')
INSERT INTO CUSTOMER VALUES ('C008', 'NGUYEN H', 'HCM')
INSERT INTO CUSTOMER VALUES ('C009', 'NGUYEN I', 'HN')
INSERT INTO CUSTOMER VALUES ('C010', 'NGUYEN J', 'DA NANG')
SELECT * FROM CUSTOMER

DELETE FROM RECEIPT
INSERT INTO RECEIPT VALUES ('R001', 2, 100, GETDATE(), 'DMX')
INSERT INTO RECEIPT VALUES ('R002', 1, 90, GETDATE(), 'GEAR')
INSERT INTO RECEIPT VALUES ('R003', 2, 80, GETDATE(), 'BB')
INSERT INTO RECEIPT VALUES ('R004', 1, 70, GETDATE(), 'COOP')
INSERT INTO RECEIPT VALUES ('R005', 1, 60, GETDATE(), 'DMX')
INSERT INTO RECEIPT VALUES ('R006', 2, 50, GETDATE(), 'BL')
INSERT INTO RECEIPT VALUES ('R007', 1, 40, GETDATE(), 'GEAR')
INSERT INTO RECEIPT VALUES ('R008', 2, 30, GETDATE(), 'MMZ')
INSERT INTO RECEIPT VALUES ('R009', 2, 20, GETDATE(), 'MMG')
INSERT INTO RECEIPT VALUES ('R010', 2, 10, GETDATE(), 'SCHA')
SELECT * FROM RECEIPT 
INSERT INTO INVOICE VALUES ('I001', 2, 10, 'C010')
INSERT INTO INVOICE VALUES ('I002', 1, 20, 'C009')
INSERT INTO INVOICE VALUES ('I003', 2, 30, 'C008')
INSERT INTO INVOICE VALUES ('I004', 1, 40, 'C009')
INSERT INTO INVOICE VALUES ('I005', 1, 50, 'C006')
INSERT INTO INVOICE VALUES ('I006', 2, 60, 'C010')
INSERT INTO INVOICE VALUES ('I007', 1, 70, 'C004')
INSERT INTO INVOICE VALUES ('I008', 2, 80, 'C003')
INSERT INTO INVOICE VALUES ('I009', 2, 90, 'C002')
INSERT INTO INVOICE VALUES ('I010', 2, 100, 'C001')
SELECT * FROM INVOICE 

